<?xml version="1.0"?>
<!DOCTYPE hibernate-mapping PUBLIC
    "-//Hibernate/Hibernate Mapping DTD 3.0//EN"
    "http://hibernate.sourceforge.net/hibernate-mapping-3.0.dtd">

<hibernate-mapping default-lazy="false"
                   package="demo">

    <!-- =================================================================== -->
    <!-- Conference                                                          -->
    <!-- =================================================================== -->
    <class name="Conference">
        <id name="id" type="java.lang.Long">
            <generator class="native"/>
        </id>

        <property name="name"
                  type="string"
                  length="50"
                  not-null="true"/>
    </class>

    <!-- =================================================================== -->
    <!-- Division                                                            -->
    <!-- =================================================================== -->
    <class name="Division">
        <id name="id" type="java.lang.Long">
            <generator class="native"/>
        </id>

        <property name="name"
                  type="string"
                  length="50"
                  not-null="true"/>

        <many-to-one name="conference"
                     class="Conference"
                     column="conference_id"
                     foreign-key="fk1_division"
                     not-null="true"/>
    </class>

    <!-- =================================================================== -->
    <!-- Location                                                            -->
    <!-- =================================================================== -->
    <class name="Location">
        <id name="id" type="java.lang.Long">
            <generator class="native"/>
        </id>

        <property name="city"
                  type="string"
                  length="35"
                  not-null="true"/>

        <property name="state"
                  type="string"
                  length="2"
                  not-null="true"/>

    </class>

    <!-- =================================================================== -->
    <!-- Owner                                                               -->
    <!-- =================================================================== -->
    <class name="Owner">
        <id name="id" type="java.lang.Long">
            <generator class="native"/>
        </id>

        <property name="firstName"
                  type="string"
                  length="25"
                  not-null="true"/>

        <property name="lastName"
                  type="string"
                  length="25"
                  not-null="true"/>

<!--
        <one-to-one name="team"
                    class="Team"
                    property-ref="owner"/>
-->
    </class>

    <!-- =================================================================== -->
    <!-- Player                                                              -->
    <!-- =================================================================== -->
    <class name="Player">
        <id name="id" type="java.lang.Long">
            <generator class="native"/>
        </id>

        <property name="firstName"
                  type="string"
                  length="25"
                  not-null="true"/>

        <property name="lastName"
                  type="string"
                  length="25"
                  not-null="true"/>

        <property name="jerseyNumber"
                  type="big_integer"
                  precision="2"
                  scale="0"/>

        <property name="annualSalary"
                  type="big_decimal"
                  precision="10"
                  scale="2"/>

        <property name="draftDate"
                  type="timestamp"/>

        <many-to-one name="team"
                     class="Team"
                     column="team_id"
                     foreign-key="fk1_player"
                     not-null="true"/>

        <set name="positions" table="player_position_link">
            <key column="player_id"/>
            <many-to-many column="position_id" class="Position"/>
        </set>
    </class>

    <!-- =================================================================== -->
    <!-- Position                                                            -->
    <!-- =================================================================== -->
    <class name="Position" table="pos">
        <id name="id" type="java.lang.Long">
            <generator class="native"/>
        </id>

        <property name="abbreviation"
                  type="string"
                  length="3"
                  not-null="true"/>

        <property name="name"
                  type="string"
                  length="25"
                  not-null="true"/>
    </class>

    <!-- =================================================================== -->
    <!-- Team                                                                -->
    <!-- =================================================================== -->
    <class name="Team">
        <id name="id" type="java.lang.Long">
            <generator class="native"/>
        </id>

        <property name="name"
                  type="string"
                  length="50"
                  not-null="true"/>

        <many-to-one name="location"
                     class="Location"
                     column="location_id"
                     foreign-key="fk1_team"
                     not-null="true"/>

        <many-to-one name="division"
                     class="Division"
                     column="division_id"
                     foreign-key="fk2_team"
                     not-null="true"/>

        <many-to-one name="owner"
                     class="Owner"
                     column="owner_id"
                     foreign-key="fk3_team"
                     unique="true"/>

        <set name="players" inverse="true">
            <key column="team_id"/>
            <one-to-many class="Player"/>
        </set>
    </class>

</hibernate-mapping>